id,zh_cn,vi_vn,char_len,utf8_len,occurrences
JAVA_ZH_0001,上方向键,Phím Lên,4,12,a.java:255
JAVA_ZH_0002,下方向键,Phím Xuống,4,12,a.java:257
JAVA_ZH_0003,左方向键,Phím Trái,4,12,a.java:259
JAVA_ZH_0004,右方向键,Phím Phải,4,12,a.java:261
JAVA_ZH_0005,数字键0,Phím số 0,4,10,a.java:263
JAVA_ZH_0006,数字键1,Phím số 1,4,10,a.java:265
JAVA_ZH_0007,数字键3,Phím số 3,4,10,a.java:267
JAVA_ZH_0008,数字键5,Phím số 5,4,10,a.java:270
JAVA_ZH_0009,数字键7,Phím số 7,4,10,a.java:272
JAVA_ZH_0010,数字键9,Phím số 9,4,10,a.java:274
JAVA_ZH_0011, * 键,Phím *,4,6,a.java:276
JAVA_ZH_0012, # 键,Phím #,4,6,a.java:278
JAVA_ZH_0013,左软键,Phím mềm trái,3,9,a.java:280
JAVA_ZH_0014,右软键,Phím mềm phải,3,9,a.java:282
JAVA_ZH_0015,获得称号: ,获得Danh hiệu:,6,14,aa.java:447; aa.java:455; aa.java:463; aa.java:881; aa.java:888; aa.java:895; aa.java:902; aa.java:908; aa.java:1021; aa.java:1030; d.java:767; d.java:1047; d.java:1303; d.java:2517; v.java:276; v.java:291; w.java:32
JAVA_ZH_0016,怒气不足,,4,12,aa.java:545; aa.java:1176; aa.java:1500
JAVA_ZH_0017,升至,,2,6,aa.java:867
JAVA_ZH_0018,级,,1,3,aa.java:867
JAVA_ZH_0019,请按,,2,6,aa.java:1133
JAVA_ZH_0020,确定,Đồng ý,2,6,aa.java:1133; ad.java:739; av.java:1158; d.java:804; d.java:812; d.java:816; d.java:820; d.java:1113; d.java:1116; d.java:1118; d.java:1123; d.java:1126; d.java:1629; d.java:1638; d.java:1642; d.java:1647; d.java:1655; d.java:1659; d.java:1668; d.java:1676; d.java:1680; d.java:1685; d.java:1694; d.java:1703; d.java:1712; d.java:1718; d.java:1722; d.java:1871; d.java:1900; d.java:2068; d.java:2076; d.java:2082; d.java:2278; d.java:2283; d.java:2550; d.java:2557; d.java:2561; d.java:2647; d.java:2653; d.java:2801; d.java:2805; d.java:3191; d.java:3218; g.java:104
JAVA_ZH_0021,当前地图不能攻击,,8,24,aa.java:1461
JAVA_ZH_0022,技能未就绪,,5,15,aa.java:1494
JAVA_ZH_0023,魔法不足,,4,12,aa.java:1507
JAVA_ZH_0024,无敌效果结束,,6,18,aa.java:1778
JAVA_ZH_0025,道,,1,3,ad.java:10
JAVA_ZH_0026,继续游戏,Tiếp tục,4,12,ad.java:59; av.java:82
JAVA_ZH_0027,帮助,Trợ giúp,2,6,ad.java:59; ad.java:165; ae.java:18; av.java:82; d.java:54
JAVA_ZH_0028,返回主菜单,Menu chính,5,15,ad.java:59; d.java:54
JAVA_ZH_0029,关于,Giới thiệu,2,6,ad.java:169; ae.java:18; av.java:82
JAVA_ZH_0030,游戏已暂停,Tạm dừng game,5,15,ad.java:323
JAVA_ZH_0031,按右软键继续,Phím phải để tiếp tục,6,18,ad.java:324
JAVA_ZH_0032,返回,Trở về,2,6,ad.java:474; ad.java:738; av.java:1158; av.java:1201; av.java:1263; d.java:1841
JAVA_ZH_0033,你确定访问游戏频道,Bạn muốn truy cập kênh game,9,27,ad.java:639
JAVA_ZH_0034,并退出游戏?,và thoát game?,6,16,ad.java:640
JAVA_ZH_0035,否,Không,1,3,ad.java:642; ad.java:705; ad.java:796; av.java:1030; d.java:3245
JAVA_ZH_0036,是,Có,1,3,ad.java:644; ad.java:703; ad.java:795; av.java:1029; d.java:3245
JAVA_ZH_0037,更多精彩游戏,Nhiều game hay hơn,6,18,ad.java:664
JAVA_ZH_0038,尽在游戏频道,tại kênh game xjoys,6,18,ad.java:665
JAVA_ZH_0039,确认,Đồng ý,2,6,ad.java:668; av.java:1193; d.java:3012; d.java:3195; d.java:3220
JAVA_ZH_0040,退出,Thoát,2,6,ad.java:670; av.java:82
JAVA_ZH_0041,确认退出,Xác nhận thoát,4,12,ad.java:701
JAVA_ZH_0042,是否返回主菜单,Trở về menu chính?,7,21,ad.java:794
JAVA_ZH_0043,宽,,1,3,ae.java:10
JAVA_ZH_0044,初入江湖,Game mới,4,12,ae.java:18
JAVA_ZH_0045,再征沙场,Chơi tiếp,4,12,ae.java:18
JAVA_ZH_0046,卸甲归田,Thoát game,4,12,ae.java:18
JAVA_ZH_0047,支付密码,,4,12,af.java:428
JAVA_ZH_0048,折,,1,3,af.java:487
JAVA_ZH_0049, U点,U-Điểm,3,5,af.java:490; af.java:861; af.java:862
JAVA_ZH_0050,优视科技 版权所有,,9,25,af.java:506; af.java:541; af.java:580; af.java:1541
JAVA_ZH_0051,正在初始化数据，请稍等,,11,33,af.java:682
JAVA_ZH_0052,(发送短信：,,6,16,af.java:820
JAVA_ZH_0053,条),,2,4,af.java:820
JAVA_ZH_0054,获取短信数据失败，请改用其他手段支付,,18,54,af.java:939; af.java:945; af.java:955
JAVA_ZH_0055,对不起，您所在的地区没有开通短信付费通道，请使用U点进行支付！,,31,91,af.java:951
JAVA_ZH_0056,获取短信数据失败,,8,24,af.java:961
JAVA_ZH_0057,获取U点支付信息失败！,,11,31,af.java:1014; af.java:1020; af.java:1027; af.java:1051; af.java:1058
JAVA_ZH_0058,无折扣,,3,9,af.java:1042
JAVA_ZH_0059,错误：您输入的账号密码中含有非法字符，请检查！,,23,69,af.java:1761
JAVA_ZH_0060,错误：请输入由数字组成的账号/手机号。,,19,55,af.java:1764
JAVA_ZH_0061,错误：支付密码中含有非法字符，请检查！,,19,57,af.java:1774
JAVA_ZH_0062,网络繁忙，连接失败，本次支付不成功，请返回尝试重新支付。,,28,84,af.java:1794; af.java:1910
JAVA_ZH_0063,您的账号或密码错误，请重新输入。,,16,48,af.java:1798
JAVA_ZH_0064,系统错误，支付失败，U点未被扣除，请重试或更换其他支付方式！,,30,88,af.java:1802
JAVA_ZH_0065,您的账户余额不足，无法完成本次支付，请用UC浏览器登录UC充值中心(pay.uc.cn)为U点账户充值。,,52,124,af.java:1807
JAVA_ZH_0066,支付失败，原因：,,8,24,af.java:1812; af.java:1820
JAVA_ZH_0067,正在重试联网...,,9,21,af.java:1894
JAVA_ZH_0068,元,,1,3,af.java:2201
JAVA_ZH_0069,获取短信数据失败，请改用U点支付,,16,46,af.java:2429; af.java:2434
JAVA_ZH_0070,消费金额填写不正确！,,10,30,af.java:2572
JAVA_ZH_0071,完成: ,,4,8,ai.java:409
JAVA_ZH_0072,接到: ,,4,8,ai.java:441
JAVA_ZH_0073,>>设置标志：roleID=,,14,24,ai.java:1419
JAVA_ZH_0074,>>角色重生：roleID=,,14,24,ai.java:1429
JAVA_ZH_0075,>>屏幕控制：type=,,12,22,ai.java:1434
JAVA_ZH_0076,>>屏幕移至某点：x=,,11,25,ai.java:1460
JAVA_ZH_0077,>>跟随对象：roleID=,,14,24,ai.java:1469
JAVA_ZH_0078,>>镜头移至角色：roleID=,,16,30,ai.java:1483
JAVA_ZH_0079,>>执行延时：pauseTime=,,17,27,ai.java:1492
JAVA_ZH_0080,获得,,2,6,ai.java:1736; ai.java:1750
JAVA_ZH_0081,绘制CG时dlgShowType选项不对,,20,34,ai.java:1957
JAVA_ZH_0082,离开,,2,6,ai.java:2076
JAVA_ZH_0083,购买材料,,4,12,ai.java:2079
JAVA_ZH_0084,强化装备,强化Trang bị,4,12,ai.java:2085
JAVA_ZH_0085,跳过,,2,6,ai.java:2410
JAVA_ZH_0086,你看到我说明掉落物品类型出问题了:),,18,50,an.java:48
JAVA_ZH_0087,金,,1,3,an.java:163; c.java:128
JAVA_ZH_0088,保存密码？,Lưu mật khẩu?,5,15,as.java:1508
JAVA_ZH_0089,按“确定”键返回。,Nhấn “Đồng ý” để trở về.,9,27,as.java:1605
JAVA_ZH_0090,新游戏,,3,9,av.java:82
JAVA_ZH_0091,更多游戏,,4,12,av.java:82
JAVA_ZH_0092,音乐,,2,6,av.java:82
JAVA_ZH_0093,支线任务是重要的金钱来源,,12,36,av.java:172
JAVA_ZH_0094,铁匠铺可以升级装备，打造任务物品,铁匠铺可以升级Trang bị，打造任务物品,16,48,av.java:172
JAVA_ZH_0095,生命之水可以让你重生。,,11,33,av.java:172
JAVA_ZH_0096,关卡有难度选择，难度越高收益越多,,16,48,av.java:172
JAVA_ZH_0097,关掉音乐可以更加流畅,,10,30,av.java:172
JAVA_ZH_0098,技能可在技能栏里升级。,,11,33,av.java:172
JAVA_ZH_0099,升级获得技能点，用来升级技能可以大幅增加战斗力,,23,69,av.java:172
JAVA_ZH_0100,<游戏简介>&二十四年前，我促成了科勒斯和她的神话，而我到底是谁，前世今身，奈何桥下，二十四年后的我用我的故事讲述了另一个我记忆中的科勒斯和爱伦的故事。而我，依然是那个剑士。&&<主菜单操作>&方向键左/数字键4:&向左移动；&方向键右/数字键6:&向右移动；&方向键上/数字键2:&向上移动；&方向键下/数字键8:&向下移动；&双击方向键左/数字键4:&向左冲刺；&双击方向键右/数字键6:&向右冲刺；&双击方向键上/数字键2:&向上冲刺；&双击方向键下/数字键8:&向下冲刺；&数字键1:技能1；&数字键3:技能2；&数字键5:攻击/对话；&数字键7:技能3；&数字键9：技能4（需用技能点升级后才能使用）；提示：0键格挡成功后，按5键可以发动一闪，使用得当，可以无伤通关&*键：血药；&#键：蓝药；&左软键:确定/游戏菜单；&右软键:取消/返回/任务菜单；&,,382,986,av.java:228; d.java:1823
JAVA_ZH_0101,非法操作->>,,7,15,av.java:275
JAVA_ZH_0102,是否开启声音?,,7,19,av.java:1028
JAVA_ZH_0103,是否确定退出游戏？,,9,27,av.java:1158
JAVA_ZH_0104,没有有效的存档！,,8,24,av.java:1193
JAVA_ZH_0105,音乐|,,3,7,av.java:1238; av.java:1254
JAVA_ZH_0106,开,,1,3,av.java:1238; av.java:1254
JAVA_ZH_0107,关,,1,3,av.java:1238; av.java:1254
JAVA_ZH_0108,切换,Chuyển đổi,2,6,av.java:1263
JAVA_ZH_0109,友情提示,,4,12,av.java:1344
JAVA_ZH_0110,游戏暂停,,4,12,av.java:1368
JAVA_ZH_0111,请按导航键中键或按5键返回游戏,,15,43,av.java:1369
JAVA_ZH_0112,请按“*”键使用,,8,22,av.java:1620
JAVA_ZH_0113,生命之水,Nước sự sống,4,12,av.java:1621; m.java:9
JAVA_ZH_0114,生命之水不足,,6,18,av.java:1623
JAVA_ZH_0115,请按“*”键前往商店购买,,12,34,av.java:1625
JAVA_ZH_0116,按#键返回主菜单,,8,22,av.java:1639
JAVA_ZH_0117,恭喜通关！,,5,15,av.java:1653
JAVA_ZH_0118,议会厅,,3,9,av.java:2613
JAVA_ZH_0119,墓地,,2,6,av.java:2613
JAVA_ZH_0120,拉斯特城,,4,12,av.java:2613
JAVA_ZH_0121,城外,,2,6,av.java:2613
JAVA_ZH_0122,拉斯特森林,,5,15,av.java:2613
JAVA_ZH_0123,邪恶洞穴,,4,12,av.java:2613
JAVA_ZH_0124,地牢入口,,4,12,av.java:2613
JAVA_ZH_0125,地牢二层,,4,12,av.java:2613
JAVA_ZH_0126,拉斯特沼泽,,5,15,av.java:2613
JAVA_ZH_0127,圣尔兰,,3,9,av.java:2613
JAVA_ZH_0128,地牢三层,,4,12,av.java:2613
JAVA_ZH_0129,囚禁室,,3,9,av.java:2613
JAVA_ZH_0130,底层宫殿入口,,6,18,av.java:2613
JAVA_ZH_0131,底层宫殿,,4,12,av.java:2613
JAVA_ZH_0132,寒风撩乱发,,5,15,av.java:2717
JAVA_ZH_0133,冷星照薄裳,,5,15,av.java:2717
JAVA_ZH_0134,挥袖乘风去,,5,15,av.java:2717
JAVA_ZH_0135,空留满地霜,,5,15,av.java:2717
JAVA_ZH_0136,动画状态列表出界！baseInfo[INFO_OBJ_STATE] = ,,36,54,b.java:35; v.java:109
JAVA_ZH_0137,属性,,2,6,d.java:19
JAVA_ZH_0138,背包,,2,6,d.java:19
JAVA_ZH_0139,装备,Trang bị,2,6,d.java:19; t.java:356
JAVA_ZH_0140,技能,,2,6,d.java:19
JAVA_ZH_0141,任务,,2,6,d.java:19
JAVA_ZH_0142,称号,Danh hiệu,2,6,d.java:19; t.java:356
JAVA_ZH_0143,系统,,2,6,d.java:19
JAVA_ZH_0144,声音,,2,6,d.java:54
JAVA_ZH_0145,保存,,2,6,d.java:54
JAVA_ZH_0146,提交任务: ,,6,14,d.java:601
JAVA_ZH_0147,获得奖励: 金钱x1000,,13,25,d.java:606
JAVA_ZH_0148,获得奖励: 技能书x1,,11,25,d.java:611
JAVA_ZH_0149,获得奖励: 金钱x2000,,13,25,d.java:616
JAVA_ZH_0150,获得奖励: 技能书x2,,11,25,d.java:621
JAVA_ZH_0151,获得奖励: 金钱x3000,,13,25,d.java:626
JAVA_ZH_0152,获得奖励: 金钱x4000,,13,25,d.java:630
JAVA_ZH_0153,获得奖励: 彩虹之心x1,获得奖励: Trái Tim Cầu Vồngx1,12,28,d.java:633
JAVA_ZH_0154,已经接受该任务,,7,21,d.java:804
JAVA_ZH_0155,该任务已经完成,,7,21,d.java:812
JAVA_ZH_0156,支线任务最多接3个,,9,25,d.java:816
JAVA_ZH_0157,接受任务？,,5,15,d.java:820
JAVA_ZH_0158,取消,Hủy,2,6,d.java:820; d.java:1113; d.java:1123; d.java:1900; d.java:2076; d.java:2278; d.java:2653; d.java:2801
JAVA_ZH_0159,已经完成,,4,12,d.java:879
JAVA_ZH_0160,选择游戏难度：,,7,21,d.java:949
JAVA_ZH_0161,确认购买,,4,12,d.java:1113; d.java:1123
JAVA_ZH_0162,没有存货,,4,12,d.java:1116
JAVA_ZH_0163,现金不足,,4,12,d.java:1118; d.java:1126
JAVA_ZH_0164,已经售完,,4,12,d.java:1165; d.java:1167
JAVA_ZH_0165,评分越高随机获得的奖励就越好,,14,42,d.java:1393
JAVA_ZH_0166,获得：,,3,9,d.java:1484
JAVA_ZH_0167,已经打造,,4,12,d.java:1629
JAVA_ZH_0168,金钱不足,,4,12,d.java:1638; d.java:1655; d.java:1676; d.java:1712
JAVA_ZH_0169,打造成功,,4,12,d.java:1642; d.java:1659; d.java:1680
JAVA_ZH_0170,材料不足,,4,12,d.java:1647; d.java:1668; d.java:1685; d.java:1694; d.java:1703
JAVA_ZH_0171,升级成功,,4,12,d.java:1718
JAVA_ZH_0172,等级已满,,4,12,d.java:1722
JAVA_ZH_0173,已经满级,,4,12,d.java:1790
JAVA_ZH_0174,当前场景不能保存。,,9,27,d.java:1871
JAVA_ZH_0175,是否返回主菜单？,,8,24,d.java:1900
JAVA_ZH_0176,新手,,2,6,d.java:1944
JAVA_ZH_0177,物品未就绪,,5,15,d.java:2068; w.java:255
JAVA_ZH_0178,是否使用,,4,12,d.java:2076
JAVA_ZH_0179,请到宠物界面使用,,8,24,d.java:2082
JAVA_ZH_0180,是否装备,是否Trang bị,4,12,d.java:2278; d.java:2801
JAVA_ZH_0181,已经装备,已经Trang bị,4,12,d.java:2283
JAVA_ZH_0182,技能点不够，还需要,,9,27,d.java:2550
JAVA_ZH_0183,个技能点。,,5,15,d.java:2550
JAVA_ZH_0184,已到顶级！,,5,15,d.java:2557
JAVA_ZH_0185,升级成功！,,5,15,d.java:2561
JAVA_ZH_0186,主线任务不能放弃,,8,24,d.java:2647
JAVA_ZH_0187,放弃该任务？,,6,18,d.java:2653
JAVA_ZH_0188,尚未获得此称号,尚未获得此Danh hiệu,7,21,d.java:2805
JAVA_ZH_0189,未获得,,3,9,d.java:2837
JAVA_ZH_0190,(装),,3,5,d.java:2840
JAVA_ZH_0191,& 当前完成,,6,14,d.java:2849
JAVA_ZH_0192,未知,,2,6,d.java:2857
JAVA_ZH_0193,存档读取错误！,,7,21,d.java:3012
JAVA_ZH_0194,是否读取存档？,,7,21,d.java:3040
JAVA_ZH_0195,保存成功！,,5,15,d.java:3191; d.java:3217; d.java:3218
JAVA_ZH_0196,保存时出现错误！,,8,24,d.java:3195; d.java:3220
JAVA_ZH_0197,是否覆盖记录？,,7,21,d.java:3238
JAVA_ZH_0198,是否保存游戏？,,7,21,d.java:3240
JAVA_ZH_0199,买入,,2,6,d.java:3272
JAVA_ZH_0200,卖出,,2,6,d.java:3272
JAVA_ZH_0201,道 具,,3,7,d.java:3279
JAVA_ZH_0202,任务物品,,4,12,d.java:3279
JAVA_ZH_0203,使用,,2,6,d.java:3280; d.java:3281; d.java:3282; d.java:3283
JAVA_ZH_0204,快捷,,2,6,d.java:3280
JAVA_ZH_0205,丢弃,,2,6,d.java:3280; d.java:3281; d.java:3282; d.java:3283; d.java:3284
JAVA_ZH_0206,合并,,2,6,d.java:3281; d.java:3283
JAVA_ZH_0207,登录,Đăng nhập,2,6,d.java:3281
JAVA_ZH_0208,详细,,2,6,d.java:3281; d.java:3282; d.java:3283; d.java:3284
JAVA_ZH_0209,拳挑起,Khâu Quyền,3,9,e.java:3; e.java:3
JAVA_ZH_0210,熊咆哮,Hùng Gầm,3,9,e.java:3; e.java:3
JAVA_ZH_0211,暗黑之光,Ám Hắc Quang,4,12,e.java:3; e.java:3
JAVA_ZH_0212,一闪·破,Nhất Kiếm Phá,4,11,e.java:3; e.java:3
JAVA_ZH_0213,耐性,Sức Bền,2,6,e.java:3; e.java:3
JAVA_ZH_0214,魔力,Ma Lực,2,6,e.java:3; e.java:3
JAVA_ZH_0215,会心,Chí Mạng,2,6,e.java:3; e.java:3
JAVA_ZH_0216,忍耐,Chống Chịu,2,6,e.java:3; e.java:3
JAVA_ZH_0217,奋力的用拳对前方的地面发动猛烈震击，能将敌人挑起在半空中。,"Dùng hết sức đấm mạnh xuống đất phía trước, hất tung kẻ địch lên không trung.",29,87,e.java:7
JAVA_ZH_0218,聚剑气、拳道于一体发动熊咆哮，震飞附近的所有敌人并造成大量伤害。,"Tụ kiếm khí và quyền đạo phát động gấu gầm rống, hất văng mọi kẻ địch xung quanh và gây sát thương lớn.",32,96,e.java:8
JAVA_ZH_0219,聚集全身的剑气发动黑暗攻击，对附近大范围的敌人造成大量伤害。,"Tụ toàn bộ kiếm khí phát động đòn tấn công bóng tối, gây sát thương lớn trên diện rộng xung quanh.",30,90,e.java:9
JAVA_ZH_0220,成功防御敌人攻击，将怒气化形，以极速斩出一剑，造成普通攻击多倍以上伤害。,"Phòng thủ thành công đòn địch, hóa nộ khí thành kiếm, chém ra tốc độ cực nhanh, gây sát thương gấp nhiều lần.",36,108,e.java:10
JAVA_ZH_0221,通过提升自己的力量，强化身体，增加生命最大值和基础攻击力。,"Nâng cao sức mạnh bản thân, cường hóa cơ thể, tăng sinh lực tối đa và lực tấn công cơ bản.",29,87,e.java:11
JAVA_ZH_0222,通过提升自己的精神力量，增加魔力最大值。,"Nâng cao sức mạnh tinh thần bản thân, tăng ma lực tối đa.",20,60,e.java:12
JAVA_ZH_0223,通过提高自己的剑术，增加暴击概率。,"Nâng cao kiếm thuật bản thân, tăng tỷ lệ chí mạng.",17,51,e.java:13
JAVA_ZH_0224,通过提升自己的斗气，增加吸收伤害的能力。,"Nâng cao đấu khí bản thân, tăng khả năng hấp thụ sát thương.",20,60,e.java:14
JAVA_ZH_0225,追加连击技,Kỹ năng liên kích,5,15,e.java:16
JAVA_ZH_0226,射出巨大的冰冻之箭，对一条线上的敌人造成冰冻伤害,"Bắn mũi tên băng khổng lồ, gây sát thương băng cho kẻ địch trên một đường thẳng",24,72,e.java:16
JAVA_ZH_0227,向天上射出冰之箭，对自身周围全部敌人造成冰冻伤害,"Bắn mũi tên băng lên trời, gây sát thương băng cho toàn bộ kẻ địch xung quanh",24,72,e.java:16
JAVA_ZH_0228,升级需要,Nâng cấp cần,4,12,e.java:125
JAVA_ZH_0229,个技能点，&,"điểm kỹ năng, &",6,16,e.java:125
JAVA_ZH_0230,尚未习得&,Chưa học&,5,13,e.java:129
JAVA_ZH_0231,当前级别,Cấp hiện tại,4,12,e.java:131
JAVA_ZH_0232,攻击力+,Tấn công +,4,10,e.java:139; e.java:189; t.java:359
JAVA_ZH_0233,生命上限+,HP tối đa +,5,13,e.java:151; e.java:201; t.java:359
JAVA_ZH_0234,魔力上限+,MP tối đa +,5,13,e.java:154; e.java:204; t.java:359
JAVA_ZH_0235,暴击率+,Chí mạng +,4,10,e.java:157; e.java:207; t.java:359
JAVA_ZH_0236,伤害吸收+,Hấp thụ ST +,5,13,e.java:160; e.java:210
JAVA_ZH_0237,伤害+,Sát thương +,3,7,e.java:163; e.java:213
JAVA_ZH_0238,冷却,Hồi chiêu,2,6,e.java:166; e.java:216
JAVA_ZH_0239,秒，&,"giây, &",3,7,e.java:166; e.java:216
JAVA_ZH_0240,消耗魔力,Tiêu hao MP,4,12,e.java:169; e.java:219
JAVA_ZH_0241,点，&,"điểm, &",3,7,e.java:169; e.java:219
JAVA_ZH_0242,消耗一定的怒气，&,"Tiêu hao lượng nhất định nộ khí, &",9,25,e.java:172; e.java:222
JAVA_ZH_0243,已经升至最高级&,Đã đạt cấp tối đa&,8,22,e.java:179
JAVA_ZH_0244,下一级别,Cấp tiếp theo,4,12,e.java:181
JAVA_ZH_0245,地图加载错误：ID=,,10,24,j.java:948
JAVA_ZH_0246,，不在当前地图缓存中!,,11,31,j.java:948
JAVA_ZH_0247,文本ID不存在,,7,17,k.java:132
JAVA_ZH_0248,ui数据已经被逻辑删除,,11,29,k.java:151
JAVA_ZH_0249,UIdata::drawSLAni:动画ID不存在1,,26,36,k.java:217
JAVA_ZH_0250,UIdata::drawUIAni:动画ID不存在2,,26,36,k.java:257; k.java:290
JAVA_ZH_0251,血瓶,Bình máu,2,6,m.java:7
JAVA_ZH_0252,魔瓶,Bình ma lực,2,6,m.java:8
JAVA_ZH_0253,怒气石,Đá nộ khí,3,9,m.java:10
JAVA_ZH_0254,攻击石,Đá tấn công,3,9,m.java:11
JAVA_ZH_0255,防御石,Đá phòng thủ,3,9,m.java:12
JAVA_ZH_0256,宠物饲料,Thức ăn thú cưng,4,12,m.java:13
JAVA_ZH_0257,鲜花,Hoa tươi,2,6,m.java:14
JAVA_ZH_0258,魔魂石,Đá ma hồn,3,9,m.java:15
JAVA_ZH_0259,重修书,Sách tẩy điểm,3,9,m.java:16
JAVA_ZH_0260,技能书,Sách kỹ năng,3,9,m.java:17
JAVA_ZH_0261,蟹钳,Càng cua,2,6,m.java:18
JAVA_ZH_0262,星光,Ánh sao,2,6,m.java:19
JAVA_ZH_0263,海螺壳,Vỏ ốc biển,3,9,m.java:20
JAVA_ZH_0264,青蛙心,Tim ếch,3,9,m.java:21
JAVA_ZH_0265,魂石,Hồn thạch,2,6,m.java:22
JAVA_ZH_0266,刀刃,Lưỡi dao,2,6,m.java:23
JAVA_ZH_0267,蛇胆,Mật rắn,2,6,m.java:24
JAVA_ZH_0268,魔刃,Ma nhận,2,6,m.java:25
JAVA_ZH_0269,冰晶,Băng tinh,2,6,m.java:26
JAVA_ZH_0270,魔心,Ma tâm,2,6,m.java:27
JAVA_ZH_0271,炙热之心,Tim rực lửa,4,12,m.java:28
JAVA_ZH_0272,通天眼,Thông thiên nhãn,3,9,m.java:29
JAVA_ZH_0273,冰晶锁,Khóa băng tinh,3,9,m.java:30
JAVA_ZH_0274,封魔印,Phong ma ấn,3,9,m.java:31
JAVA_ZH_0275,金钱,Tiền vàng,2,6,m.java:32; u.java:14
JAVA_ZH_0276,回复HP30%。,Hồi 30% HP.,8,14,m.java:35
JAVA_ZH_0277,回复MP30%。,Hồi 30% MP.,8,14,m.java:36
JAVA_ZH_0278,死亡后使用可满状态复活。,Dùng khi chết để hồi sinh đầy trạng thái.,12,36,m.java:37
JAVA_ZH_0279,使用后怒气全满。,Dùng hồi đầy 100% nộ khí.,8,24,m.java:38
JAVA_ZH_0280,使用后攻击永久+2。,Dùng tăng vĩnh viễn +2 Tấn công.,10,26,m.java:39
JAVA_ZH_0281,使用后防御永久+1。,Dùng tăng vĩnh viễn +1 Phòng thủ.,10,26,m.java:40
JAVA_ZH_0282,使用后宠物经验提升20。,Dùng tăng 20 kinh nghiệm thú cưng.,12,32,m.java:41
JAVA_ZH_0283,使用后劳拉的好感度+10。,Dùng tăng +10 độ hảo cảm của Laura.,13,33,m.java:42
JAVA_ZH_0284,升级宠物所需的灵石。,Linh thạch cần để nâng cấp thú cưng.,10,30,m.java:43
JAVA_ZH_0285,可还原技能点，重修技能。,Tẩy điểm kỹ năng để cộng lại từ đầu.,12,36,m.java:44
JAVA_ZH_0286,使用后技能点+1。,Dùng nhận ngay +1 điểm kỹ năng.,9,23,m.java:45
JAVA_ZH_0287,变异蟹的钳子，非常坚硬。,"Càng của cua đột biến, cực kỳ cứng chắc.",12,36,m.java:46
JAVA_ZH_0288,海星星掉落的外壳，有特殊用途。,"Vỏ rơi ra từ sao biển, có công dụng đặc biệt.",15,45,m.java:47
JAVA_ZH_0289,海螺的外壳，常作为打造的材料。,"Vỏ ốc biển, thường dùng làm nguyên liệu chế tạo.",15,45,m.java:48
JAVA_ZH_0290,青蛙的心，具有明目的作用。,"Tim ếch, có tác dụng làm sáng mắt.",13,39,m.java:49
JAVA_ZH_0291,鬼魂的结晶。,Kết tinh của u hồn.,6,18,m.java:50
JAVA_ZH_0292,幻灵界的刀刃，升级武器的材料。,"Lưỡi dao Ảo Linh Giới, nguyên liệu nâng cấp vũ khí.",15,45,m.java:51
JAVA_ZH_0293,蛇胆。,Mật rắn.,3,9,m.java:52
JAVA_ZH_0294,魔兔的武器，锋利无比。,"Vũ khí của ma thỏ, vô cùng sắc bén.",11,33,m.java:53
JAVA_ZH_0295,极寒的冰石，具有神秘的能量。,"Băng thạch cực hàn, mang năng lượng thần bí.",14,42,m.java:54
JAVA_ZH_0296,灯笼怪掉落的灯芯，充满魔之力。,"Tim đèn rơi từ quái lồng đèn, tràn đầy ma lực.",15,45,m.java:55
JAVA_ZH_0297,扎昆的心脏，充满强大的力量。,"Trái tim của Zakum, chứa đựng sức mạnh vô biên.",14,42,m.java:56
JAVA_ZH_0298,进入夜色岛所必需的任务物品，可看穿幻灵的所有伪装。,"Vật phẩm nhiệm vụ vào Đảo Dạ Sắc, nhìn thấu mọi ngụy trang của Ảo Linh.",25,75,m.java:57
JAVA_ZH_0299,进入扎昆山脉所必需的任务物品，可防止酷热熔岩造成的伤害。,"Vật phẩm nhiệm vụ vào Dãy núi Zakum, chống sát thương từ dung nham nóng rực.",28,84,m.java:58
JAVA_ZH_0300,进入地下王宫所必需的任务物品。,Vật phẩm nhiệm vụ cần để vào Vương cung dưới lòng đất.,15,45,m.java:59
JAVA_ZH_0301,打造 通天眼 & 进入夜色岛所必需的任务物品，可看穿幻灵的所有伪装。 & 需要材料  星光20 海螺壳20 青蛙心20 魔刃2 金钱2000,"Chế tạo Thông thiên nhãn & Vật phẩm vào Đảo Dạ Sắc, nhìn thấu ngụy trang Ảo Linh. & Yêu cầu: Ánh sao 20, Vỏ ốc biển 20, Tim ếch 20, Ma nhận 2, Tiền vàng 2000",70,162,m.java:62
JAVA_ZH_0302,打造 冰晶锁 & 进入扎昆山脉所必需的任务物品，可防止酷热熔岩造成的伤害。 & 需要材料 冰晶5 刀刃4 蛇胆3 金钱1000,"Chế tạo Khóa băng tinh & Vật phẩm vào Dãy núi Zakum, chống sát thương dung nham. & Yêu cầu: Băng tinh 5, Lưỡi dao 4, Mật rắn 3, Tiền vàng 1000",63,153,m.java:63
JAVA_ZH_0303,打造 封魔印 & 进入地下王宫所必需的任务物品。 & 需要材料  魔心50 刀刃5 蛇胆5 金钱5000,"Chế tạo Phong ma ấn & Vật phẩm cần để vào Vương cung dưới lòng đất. & Yêu cầu: Ma tâm 50, Lưỡi dao 5, Mật rắn 5, Tiền vàng 5000",52,116,m.java:64
JAVA_ZH_0304,生命+ ,HP +,4,8,m.java:67
JAVA_ZH_0305,魔法+ ,MP +,4,8,m.java:67
JAVA_ZH_0306,降低50%的速度，持续3秒,"Giảm 50% tốc độ, duy trì 3 giây",13,31,m.java:243
JAVA_ZH_0307,降低50%的速度，持续6秒,"Giảm 50% tốc độ, duy trì 6 giây",13,31,m.java:244
JAVA_ZH_0308,降低50%的速度，持续9秒,"Giảm 50% tốc độ, duy trì 9 giây",13,31,m.java:245
JAVA_ZH_0309,降低50%的速度，持续14秒,"Giảm 50% tốc độ, duy trì 14 giây",14,32,m.java:246
JAVA_ZH_0310,使主角眩晕2秒,Làm choáng nhân vật trong 2 giây,7,19,m.java:247
JAVA_ZH_0311,使主角眩晕3秒,Làm choáng nhân vật trong 3 giây,7,19,m.java:248
JAVA_ZH_0312,使主角眩晕5秒,Làm choáng nhân vật trong 5 giây,7,19,m.java:249
JAVA_ZH_0313,使主角眩晕8秒,Làm choáng nhân vật trong 8 giây,7,19,m.java:250
JAVA_ZH_0314,使主角每秒中毒2点血，持续15秒,"Trúng độc mất 2 HP/giây, duy trì 15 giây",16,42,m.java:251
JAVA_ZH_0315,使主角每秒中毒5点血，持续30秒,"Trúng độc mất 5 HP/giây, duy trì 30 giây",16,42,m.java:252
JAVA_ZH_0316,使主角每秒中毒10点血，持续50秒,"Trúng độc mất 10 HP/giây, duy trì 50 giây",17,43,m.java:253
JAVA_ZH_0317,使主角每秒中毒15点血，持续80秒,"Trúng độc mất 15 HP/giây, duy trì 80 giây",17,43,m.java:254
JAVA_ZH_0318,原效果减2点时间,Giảm 2 giây thời gian hiệu ứng,8,22,m.java:255; m.java:260
JAVA_ZH_0319,原效果减4点时间,Giảm 4 giây thời gian hiệu ứng,8,22,m.java:256
JAVA_ZH_0320,原效果减6点时间,Giảm 6 giây thời gian hiệu ứng,8,22,m.java:257; m.java:262
JAVA_ZH_0321,原效果减11点时间,Giảm 11 giây thời gian hiệu ứng,9,23,m.java:258
JAVA_ZH_0322,原效果减1点时间,Giảm 1 giây thời gian hiệu ứng,8,22,m.java:259
JAVA_ZH_0323,原效果减3点时间,Giảm 3 giây thời gian hiệu ứng,8,22,m.java:261
JAVA_ZH_0324,原效果减1点伤害，6点时间,"Giảm 1 sát thương, giảm 6 giây hiệu ứng",13,35,m.java:263
JAVA_ZH_0325,原效果减3点伤害，15点时间,"Giảm 3 sát thương, giảm 15 giây hiệu ứng",14,36,m.java:264
JAVA_ZH_0326,原效果减6点伤害，30点时间,"Giảm 6 sát thương, giảm 30 giây hiệu ứng",14,36,m.java:265
JAVA_ZH_0327,原效果减10点伤害，60点时间,"Giảm 10 sát thương, giảm 60 giây hiệu ứng",15,37,m.java:266
JAVA_ZH_0328,(金),(Kim),3,5,o.java:732
JAVA_ZH_0329,(木),(Mộc),3,5,o.java:732
JAVA_ZH_0330,(水),(Thủy),3,5,o.java:732
JAVA_ZH_0331,(火),(Hỏa),3,5,o.java:732
JAVA_ZH_0332,(土),(Thổ),3,5,o.java:732
JAVA_ZH_0333,只需4元，即可激活正版（您需要发送2条短信完成支付，信息费2元/条，不含通信费）,"Chỉ với 4 tệ, mở khóa bản quyền (Gửi 2 tin nhắn SMS để hoàn tất, phí 2 tệ/tin, không phí mạng)",40,112,q.java:85
JAVA_ZH_0334,钱不够花，仅需2元，就可立即获得1000金币。,"Thiếu tiền? Chỉ với 2 tệ, nhận ngay 1000 vàng.",23,59,q.java:86
JAVA_ZH_0335,打怪升级太慢，仅需2元，就可开启双倍经验。,"Luyện cấp chậm? Chỉ với 2 tệ, bật ngay x2 kinh nghiệm.",21,61,q.java:87
JAVA_ZH_0336,想原地复活，并且满血满魔吗？仅需1元就可以实现你的愿望。,"Muốn hồi sinh tại chỗ, đầy máu và ma lực? Chỉ với 1 tệ ước nguyện sẽ thành hiện thực.",28,82,q.java:88
JAVA_ZH_0337,勇者剑,Kiếm Dũng Sĩ,3,9,t.java:8
JAVA_ZH_0338,真银剑,Kiếm Bạc Thật,3,9,t.java:9
JAVA_ZH_0339,霸王剑,Kiếm Bá Vương,3,9,t.java:10
JAVA_ZH_0340,镀金剑,Kiếm Mạ Vàng,3,9,t.java:11
JAVA_ZH_0341,降龙剑,Kiếm Hàng Long,3,9,t.java:12
JAVA_ZH_0342,闪电剑,Kiếm Chớp Giật,3,9,t.java:13
JAVA_ZH_0343,氪金圣剑,Thánh Kiếm Khắc Kim,4,12,t.java:14
JAVA_ZH_0344,冒险服,Áo Phiêu Lưu,3,9,t.java:15
JAVA_ZH_0345,勇士军服,Quân Phục Dũng Sĩ,4,12,t.java:16
JAVA_ZH_0346,军官铠甲,Giáp Sĩ Quan,4,12,t.java:17
JAVA_ZH_0347,紫金铠甲,Giáp Tử Kim,4,12,t.java:18
JAVA_ZH_0348,板金铠甲,Giáp Kim Loại,4,12,t.java:19
JAVA_ZH_0349,钢玉铠甲,Giáp Cương Ngọc,4,12,t.java:20
JAVA_ZH_0350,生命指环,Nhẫn Sinh Mệnh,4,12,t.java:21
JAVA_ZH_0351,暴击戒指,Nhẫn Chí Mạng,4,12,t.java:22
JAVA_ZH_0352,龙牙镯,Vòng Tay Long Nha,3,9,t.java:23
JAVA_ZH_0353,紫光链,Dây Chuyền Tử Quang,3,9,t.java:24
JAVA_ZH_0354,护心锁,Khóa Hộ Tâm,3,9,t.java:25
JAVA_ZH_0355,彩虹之心,Trái Tim Cầu Vồng,4,12,t.java:26
JAVA_ZH_0356,试练勇者,Dũng Sĩ Tập Sự,4,12,t.java:27
JAVA_ZH_0357,正式勇者,Dũng Sĩ Chính Thức,4,12,t.java:28
JAVA_ZH_0358,铁杆勇者,Dũng Sĩ Kiên Định,4,12,t.java:29
JAVA_ZH_0359,疯狂勇者,Dũng Sĩ Cuồng Nhiệt,4,12,t.java:30
JAVA_ZH_0360,变态勇者,Dũng Sĩ Tối Thượng,4,12,t.java:31
JAVA_ZH_0361,连击达人,Chuyên Gia Liên Kích,4,12,t.java:32
JAVA_ZH_0362,连击狂人,Vua Liên Kích,4,12,t.java:33
JAVA_ZH_0363,全能骑士,Kỵ Sĩ Toàn Năng,4,12,t.java:34
JAVA_ZH_0364,防御达人,Chuyên Gia Phòng Thủ,4,12,t.java:35
JAVA_ZH_0365,博学者,Học Giả,3,9,t.java:36
JAVA_ZH_0366,探索者,Nhà Thám Hiểm,3,9,t.java:37
JAVA_ZH_0367,杀戮者,Kẻ Săn Mồi,3,9,t.java:38
JAVA_ZH_0368,可爱的,Đáng Yêu,3,9,t.java:39
JAVA_ZH_0369,大富翁,Đại Phú Ông,3,9,t.java:40
JAVA_ZH_0370,冰冻之王,Vua Băng Giá,4,12,t.java:41
JAVA_ZH_0371,电神,Lôi Thần,2,6,t.java:42
JAVA_ZH_0372,武器大师,Bậc Thầy Vũ Khí,4,12,t.java:43
JAVA_ZH_0373,武神,Võ Thần,2,6,t.java:44
JAVA_ZH_0374,勇者剑1级 &勇士常用剑。攻击+10,Kiếm Dũng Sĩ1级 &勇士常用剑。攻击+10,18,42,t.java:49
JAVA_ZH_0375,勇者剑2级 &勇士常用剑。攻击+20,Kiếm Dũng Sĩ2级 &勇士常用剑。攻击+20,18,42,t.java:49
JAVA_ZH_0376,勇者剑3级 &勇士常用剑。攻击+30,Kiếm Dũng Sĩ3级 &勇士常用剑。攻击+30,18,42,t.java:49
JAVA_ZH_0377,真银剑1级 &锋利的真银剑，能提高移动速度。攻击+20，速度+1,Kiếm Bạc Thật1级 &锋利的Kiếm Bạc Thật，能提高移动速度。攻击+20，速度+1,32,80,t.java:50
JAVA_ZH_0378,真银剑2级 &锋利的真银剑，能提高移动速度。攻击+40，速度+1,Kiếm Bạc Thật2级 &锋利的Kiếm Bạc Thật，能提高移动速度。攻击+40，速度+1,32,80,t.java:50
JAVA_ZH_0379,真银剑3级 &锋利的真银剑，能提高移动速度。攻击+60，速度+2,Kiếm Bạc Thật3级 &锋利的Kiếm Bạc Thật，能提高移动速度。攻击+60，速度+2,32,80,t.java:50
JAVA_ZH_0380,霸王剑1级 &巨大的宽刃剑，攻击有10%概率造成50%额外伤害。攻击+20,Kiếm Bá Vương1级 &巨大的宽刃剑，攻击有10%概率造成50%额外伤害。攻击+20,37,87,t.java:51
JAVA_ZH_0381,霸王剑2级 &巨大的宽刃剑，攻击有10%概率造成50%额外伤害。攻击+40，,Kiếm Bá Vương2级 &巨大的宽刃剑，攻击有10%概率造成50%额外伤害。攻击+40，,38,90,t.java:51
JAVA_ZH_0382,霸王剑3级 &巨大的宽刃剑，攻击有10%概率造成50%额外伤害。攻击+60,Kiếm Bá Vương3级 &巨大的宽刃剑，攻击有10%概率造成50%额外伤害。攻击+60,37,87,t.java:51
JAVA_ZH_0383,镀金剑1级 &神奇的镀金剑，攻击有10%概率造成100%额外伤害。攻击+30,Kiếm Mạ Vàng1级 &神奇的Kiếm Mạ Vàng，攻击有10%概率造成100%额外伤害。攻击+30,38,88,t.java:52
JAVA_ZH_0384,镀金剑2级 &神奇的镀金剑，攻击有20%概率造成100%额外伤害。攻击+60,Kiếm Mạ Vàng2级 &神奇的Kiếm Mạ Vàng，攻击有20%概率造成100%额外伤害。攻击+60,38,88,t.java:52
JAVA_ZH_0385,镀金剑3级 &神奇的镀金剑，攻击有30%概率造成100%额外伤害。攻击+90,Kiếm Mạ Vàng3级 &神奇的Kiếm Mạ Vàng，攻击有30%概率造成100%额外伤害。攻击+90,38,88,t.java:52
JAVA_ZH_0386,降龙剑1级 &具有降妖除魔的神剑，攻击有10%的概率造成5倍伤害。攻击+40,Kiếm Hàng Long1级 &具有降妖除魔的神剑，攻击有10%的概率造成5倍伤害。攻击+40,38,94,t.java:53
JAVA_ZH_0387,降龙剑2级 &具有降妖除魔的神剑，攻击有20%的概率造成5倍伤害。攻击+80,Kiếm Hàng Long2级 &具有降妖除魔的神剑，攻击有20%的概率造成5倍伤害。攻击+80,38,94,t.java:53
JAVA_ZH_0388,降龙剑3级 &具有降妖除魔的神剑，攻击有30%的概率造成5倍伤害。攻击+120,Kiếm Hàng Long3级 &具有降妖除魔的神剑，攻击有30%的概率造成5倍伤害。攻击+120,39,95,t.java:53
JAVA_ZH_0389,闪电神剑1级 &发掘于勇士岛的神剑，没人知道它的真正来历，使用一闪不消耗怒气，攻击有10%的概率造成10倍伤害。攻击+50,闪Lôi Thần剑1级 &发掘于勇士岛的神剑，没人知道它的真正来历，使用一闪不消耗怒气，攻击有10%的概率造成10倍伤害。攻击+50,61,161,t.java:55
JAVA_ZH_0390,暗黑圣剑2级 &发掘于勇士岛的神剑，没人知道它的真正来历，使用一闪不消耗怒气，攻击有20%的概率造成10倍伤害。攻击+100,,62,162,t.java:56
JAVA_ZH_0391,暗黑圣剑3级 &发掘于勇士岛的神剑，没人知道它的真正来历，使用一闪不消耗怒气，攻击有30%的概率造成10倍伤害。攻击+150,,62,162,t.java:57
JAVA_ZH_0392,氪金圣剑1级 &上古之神使用过的圣剑，使用一闪不消耗怒气，10%的概率造成10倍伤害，并无视怪物防御。攻击+60,Thánh Kiếm Khắc Kim1级 &上古之神使用过的圣剑，使用一闪不消耗怒气，10%的概率造成10倍伤害，并无视怪物防御。攻击+60,56,146,t.java:60
JAVA_ZH_0393,氪金圣剑2级 &上古之神使用过的圣剑，使用一闪不消耗怒气，20%的概率造成10倍伤害，并无视怪物防御。攻击+120,Thánh Kiếm Khắc Kim2级 &上古之神使用过的圣剑，使用一闪不消耗怒气，20%的概率造成10倍伤害，并无视怪物防御。攻击+120,57,147,t.java:61
JAVA_ZH_0394,氪金圣剑3级 &上古之神使用过的圣剑，使用一闪不消耗怒气，30%的概率造成10倍伤害，并无视怪物防御。攻击+180,Thánh Kiếm Khắc Kim3级 &上古之神使用过的圣剑，使用一闪不消耗怒气，30%的概率造成10倍伤害，并无视怪物防御。攻击+180,57,147,t.java:62
JAVA_ZH_0395,冒险服1级 &勇士初期穿戴的防具。防御+2,Áo Phiêu Lưu1级 &勇士初期穿戴的防具。防御+2,21,53,t.java:64
JAVA_ZH_0396,冒险服2级 &勇士初期穿戴的防具。防御+4,Áo Phiêu Lưu2级 &勇士初期穿戴的防具。防御+4,21,53,t.java:64
JAVA_ZH_0397,冒险服3级 &勇士初期穿戴的防具。防御+6,Áo Phiêu Lưu3级 &勇士初期穿戴的防具。防御+6,21,53,t.java:64
JAVA_ZH_0398,勇士军服1级 &曾经流行在勇士岛的勇士军服。防御+4,Quân Phục Dũng Sĩ1级 &曾经流行在勇士岛的Quân Phục Dũng Sĩ。防御+4,26,68,t.java:65
JAVA_ZH_0399,勇士军服2级 &曾经流行在勇士岛的勇士军服。防御+8,Quân Phục Dũng Sĩ2级 &曾经流行在勇士岛的Quân Phục Dũng Sĩ。防御+8,26,68,t.java:65
JAVA_ZH_0400,勇士军服3级 &曾经流行在勇士岛的勇士军服。防御+12,Quân Phục Dũng Sĩ3级 &曾经流行在勇士岛的Quân Phục Dũng Sĩ。防御+12,27,69,t.java:65
JAVA_ZH_0401,军官铠甲1级 &勇士岛精英勇士所穿被附魔过的铠甲。防御+6,Giáp Sĩ Quan1级 &勇士岛精英勇士所穿被附魔过的铠甲。防御+6,29,77,t.java:66
JAVA_ZH_0402,军官铠甲2级 &勇士岛精英勇士所穿被附魔过的铠甲。防御+12,Giáp Sĩ Quan2级 &勇士岛精英勇士所穿被附魔过的铠甲。防御+12,30,78,t.java:66
JAVA_ZH_0403,军官铠甲3级 &勇士岛精英勇士所穿被附魔过的铠甲。防御+18,Giáp Sĩ Quan3级 &勇士岛精英勇士所穿被附魔过的铠甲。防御+18,30,78,t.java:66
JAVA_ZH_0404,紫金铠甲1级 &古代的人类王者所穿的铠甲。防御+8,Giáp Tử Kim1级 &古代的人类王者所穿的铠甲。防御+8,25,65,t.java:67
JAVA_ZH_0405,紫金铠甲2级 &古代的人类王者所穿的铠甲。防御+16,Giáp Tử Kim2级 &古代的人类王者所穿的铠甲。防御+16,26,66,t.java:67
JAVA_ZH_0406,紫金铠甲3级 &古代的人类王者所穿的铠甲。防御+24,Giáp Tử Kim3级 &古代的人类王者所穿的铠甲。防御+24,26,66,t.java:67
JAVA_ZH_0407,板金铠甲1级 &被战神力量加持的铠甲。防御+10,Giáp Kim Loại1级 &被战神力量加持的铠甲。防御+10,24,60,t.java:68
JAVA_ZH_0408,板金铠甲2级 &被战神力量加持的铠甲。防御+20,Giáp Kim Loại2级 &被战神力量加持的铠甲。防御+20,24,60,t.java:68
JAVA_ZH_0409,板金铠甲3级 &被战神力量加持的铠甲。防御+30,Giáp Kim Loại3级 &被战神力量加持的铠甲。防御+30,24,60,t.java:68
JAVA_ZH_0410,钢玉铠甲1级 &神秘铠甲，拥有魔神的力量。防御+14,Giáp Cương Ngọc1级 &神秘铠甲，拥有魔神的力量。防御+14,26,66,t.java:69
JAVA_ZH_0411,钢玉铠甲2级 &神秘铠甲，拥有魔神的力量。防御+28,Giáp Cương Ngọc2级 &神秘铠甲，拥有魔神的力量。防御+28,26,66,t.java:69
JAVA_ZH_0412,钢玉铠甲3级 &神秘铠甲，拥有魔神的力量。防御+42,Giáp Cương Ngọc3级 &神秘铠甲，拥有魔神的力量。防御+42,26,66,t.java:69
JAVA_ZH_0413,生命指环1级 &勇士岛勇士所佩戴的戒指。最大生命值+50,Nhẫn Sinh Mệnh1级 &勇士岛勇士所佩戴的戒指。最大生命值+50,28,72,t.java:70
JAVA_ZH_0414,生命指环2级 &勇士岛勇士所佩戴的戒指。最大生命值+100,Nhẫn Sinh Mệnh2级 &勇士岛勇士所佩戴的戒指。最大生命值+100,29,73,t.java:70
JAVA_ZH_0415,生命指环3级 &勇士岛勇士所佩戴的戒指。最大生命值+150,Nhẫn Sinh Mệnh3级 &勇士岛勇士所佩戴的戒指。最大生命值+150,29,73,t.java:70
JAVA_ZH_0416,暴击戒指1级 &携带能增加暴击的指环。暴击率+3,Nhẫn Chí Mạng1级 &携带能增加暴击的指环。暴击率+3,24,62,t.java:71
JAVA_ZH_0417,暴击戒指2级 &携带能增加暴击的指环。暴击率+6,Nhẫn Chí Mạng2级 &携带能增加暴击的指环。暴击率+6,24,62,t.java:71
JAVA_ZH_0418,暴击戒指3级 &携带能增加暴击的指环。暴击率+10,Nhẫn Chí Mạng3级 &携带能增加暴击的指环。暴击率+10,25,63,t.java:71
JAVA_ZH_0419,龙牙镯1级 &龙牙所作的手镯。攻击+10,Vòng Tay Long Nha1级 &龙牙所作的手镯。攻击+10,20,48,t.java:72
JAVA_ZH_0420,龙牙镯2级 &龙牙所作的手镯。攻击+20,Vòng Tay Long Nha2级 &龙牙所作的手镯。攻击+20,20,48,t.java:72
JAVA_ZH_0421,龙牙镯3级 &龙牙所作的手镯。攻击+30,Vòng Tay Long Nha3级 &龙牙所作的手镯。攻击+30,20,48,t.java:72
JAVA_ZH_0422,紫光链1级 &散发紫色光芒的神奇项链。最大魔法值+50,Dây Chuyền Tử Quang1级 &散发紫色光芒的神奇项链。最大魔法值+50,27,69,t.java:73
JAVA_ZH_0423,紫光链2级 &散发紫色光芒的神奇项链。最大魔法值+100,Dây Chuyền Tử Quang2级 &散发紫色光芒的神奇项链。最大魔法值+100,28,70,t.java:73
JAVA_ZH_0424,紫光链3级 &散发紫色光芒的神奇项链。最大魔法值+150,Dây Chuyền Tử Quang3级 &散发紫色光芒的神奇项链。最大魔法值+150,28,70,t.java:73
JAVA_ZH_0425,护心锁1级 &黄金打造的护心锁。防御+4,Khóa Hộ Tâm1级 &黄金打造的Khóa Hộ Tâm。防御+4,20,50,t.java:74
JAVA_ZH_0426,护心锁2级 &黄金打造的护心锁。防御+8,Khóa Hộ Tâm2级 &黄金打造的Khóa Hộ Tâm。防御+8,20,50,t.java:74
JAVA_ZH_0427,护心锁3级 &黄金打造的护心锁。防御+12,Khóa Hộ Tâm3级 &黄金打造的Khóa Hộ Tâm。防御+12,21,51,t.java:74
JAVA_ZH_0428,彩虹之心 &神秘道具，佩戴时使用怒气消耗减半。,Trái Tim Cầu Vồng &神秘道具，佩戴时使用怒气消耗减半。,23,65,t.java:75
JAVA_ZH_0429,生命最大值+10，魔法+5,,13,29,t.java:76
JAVA_ZH_0430,生命最大值+50，魔法+25,,14,30,t.java:77
JAVA_ZH_0431,生命最大值+100，魔法+50,,15,31,t.java:78
JAVA_ZH_0432,生命最大值+150，魔法+75,,15,31,t.java:79
JAVA_ZH_0433,生命最大值+200，魔法+100,,16,32,t.java:80; t.java:89
JAVA_ZH_0434,攻击+10,,5,9,t.java:81
JAVA_ZH_0435,攻击+10，移动速度+2,,12,26,t.java:82
JAVA_ZH_0436,攻击+20，暴击+10,,11,21,t.java:83
JAVA_ZH_0437,防御+20,,5,9,t.java:84
JAVA_ZH_0438,生命最大值+300，魔法+200,,16,32,t.java:85
JAVA_ZH_0439,防御+10，移动速度+2,,12,26,t.java:86
JAVA_ZH_0440,攻击+10，暴击+5,,10,20,t.java:87
JAVA_ZH_0441,生命+100，魔法+50,,12,22,t.java:88
JAVA_ZH_0442,攻击+10，防御+10,,11,21,t.java:90
JAVA_ZH_0443,使用闪电神剑爆破的概率+5%,使用闪Lôi Thần剑爆破的概率+5%,14,36,t.java:91
JAVA_ZH_0444,暴击+10,,5,9,t.java:92
JAVA_ZH_0445,暴击+10，移动+2,,10,20,t.java:93
JAVA_ZH_0446,勇者剑1级 勇士常用剑。攻击+10,Kiếm Dũng Sĩ1级 勇士常用剑。攻击+10,17,41,t.java:96
JAVA_ZH_0447,勇者剑  1级→2级  攻击10→20 & 需要材料 蟹钳10 星光10 海螺壳5 金钱500,Kiếm Dũng Sĩ  1级→2级  攻击10→20 & 需要材料 蟹钳10 星光10 海螺壳5 金钱500,47,91,t.java:96
JAVA_ZH_0448,勇者剑  2级→3级  攻击20→30 & 需要材料 蟹钳20 星光20 海螺壳10 金钱500,Kiếm Dũng Sĩ  2级→3级  攻击20→30 & 需要材料 蟹钳20 星光20 海螺壳10 金钱500,48,92,t.java:96
JAVA_ZH_0449,真银剑1级  锋利的真银剑，能提高移动速度。攻击+20，速度+1,Kiếm Bạc Thật1级  锋利的Kiếm Bạc Thật，能提高移动速度。攻击+20，速度+1,32,80,t.java:97
JAVA_ZH_0450,真银剑  1级→2级  攻击20→40 移动1→1 & 需要材料  星光20 海螺壳10 冰晶3 金钱3000,Kiếm Bạc Thật  1级→2级  攻击20→40 移动1→1 & 需要材料  星光20 海螺壳10 冰晶3 金钱3000,55,105,t.java:97
JAVA_ZH_0451,真银剑  2级→3级  攻击40→60 移动1→2 & 需要材料  星光40 海螺壳20 冰晶5 金钱3000,Kiếm Bạc Thật  2级→3级  攻击40→60 移动1→2 & 需要材料  星光40 海螺壳20 冰晶5 金钱3000,55,105,t.java:97
JAVA_ZH_0452,霸王剑1级  巨大的宽刃剑，攻击有10%概率造成50%额外的伤害。攻击+30,Kiếm Bá Vương1级  巨大的宽刃剑，攻击有10%概率造成50%额外的伤害。攻击+30,38,90,t.java:99
JAVA_ZH_0453,霸王剑  1级→2级  攻击20→40 爆破率10%→20% & 需要材料  海螺壳20 冰晶3 魔刃1 金钱3000,Kiếm Bá Vương  1级→2级  攻击20→40 爆破率10%→20% & 需要材料  海螺壳20 冰晶3 魔刃1 金钱3000,59,111,t.java:100
JAVA_ZH_0454,霸王剑  2级→3级  攻击40→60 爆破率20%→30% & 需要材料  海螺壳40 冰晶5 魔刃3 金钱3000,Kiếm Bá Vương  2级→3级  攻击40→60 爆破率20%→30% & 需要材料  海螺壳40 冰晶5 魔刃3 金钱3000,59,111,t.java:101
JAVA_ZH_0455,镀金剑1级  神奇的镀金剑，攻击有10%的概率造成100%的额外伤害。攻击+30,Kiếm Mạ Vàng1级  神奇的Kiếm Mạ Vàng，攻击有10%的概率造成100%的额外伤害。攻击+30,40,94,t.java:104
JAVA_ZH_0456,镀金剑  1级→2级  攻击20→40 冰冻率10%→20% & 需要材料  魂石20 魔刃10 蛇胆3 金钱3000,Kiếm Mạ Vàng  1级→2级  攻击20→40 冰冻率10%→20% & 需要材料  魂石20 魔刃10 蛇胆3 金钱3000,59,109,t.java:105
JAVA_ZH_0457,镀金剑  2级→3级  攻击40→60 冰冻率20%→30% & 需要材料  魂石40 魔刃20 蛇胆5 金钱3000,Kiếm Mạ Vàng  2级→3级  攻击40→60 冰冻率20%→30% & 需要材料  魂石40 魔刃20 蛇胆5 金钱3000,59,109,t.java:106
JAVA_ZH_0458,降龙剑1级  具有降妖除魔的神剑，攻击有10%的概率造成5倍伤害。攻击+40,Kiếm Hàng Long1级  具有降妖除魔的神剑，攻击有10%的概率造成5倍伤害。攻击+40,38,94,t.java:109
JAVA_ZH_0459,降龙剑  1级→2级  攻击40→80 概率10%→20% & 需要材料  冰晶5 蛇胆5 魔心20 金钱3000,Kiếm Hàng Long  1级→2级  攻击40→80 概率10%→20% & 需要材料  冰晶5 蛇胆5 魔心20 金钱3000,57,105,t.java:110
JAVA_ZH_0460,降龙剑  2级→3级  攻击80→120 概率20%→30% & 需要材料  冰晶10 蛇胆10 魔心40 金钱3000,Kiếm Hàng Long  2级→3级  攻击80→120 概率20%→30% & 需要材料  冰晶10 蛇胆10 魔心40 金钱3000,60,108,t.java:111
JAVA_ZH_0461,闪电圣剑1级 发掘于勇士岛的神剑，没人知道它的真正来历，使用一闪不消耗怒气，攻击有10%的概率造成10倍伤害。攻击+50,,60,160,t.java:114
JAVA_ZH_0462,闪电圣剑  1级→2级  攻击50→100 致命一击率10%→20% & 需要材料  金钱30000,,50,94,t.java:115
JAVA_ZH_0463,闪电圣剑  2级→3级  攻击100→150 致命一击率20%→30% & 需要材料  金钱50000,,51,95,t.java:116
JAVA_ZH_0464,氪金圣剑1级 上古之神使用过的圣剑，使用一闪不消耗怒气，10%的概率造成10倍伤害，并无视怪物防御。攻击+60,Thánh Kiếm Khắc Kim1级 上古之神使用过的圣剑，使用一闪不消耗怒气，10%的概率造成10倍伤害，并无视怪物防御。攻击+60,55,145,t.java:119
JAVA_ZH_0465,氪金圣剑  1级→2级  攻击60→120 致命一击率10%→20% & 需要材料 冰晶10 刀刃10 魔刃50 魔心50 金钱30000,Thánh Kiếm Khắc Kim  1级→2级  攻击60→120 致命一击率10%→20% & 需要材料 冰晶10 刀刃10 魔刃50 魔心50 金钱30000,69,129,t.java:120
JAVA_ZH_0466,氪金圣剑  2级→3级  攻击120→180 致命一击率20%→30% & 需要材料 冰晶20 刀刃20 魔刃100 魔心100 金钱30000,Thánh Kiếm Khắc Kim  2级→3级  攻击120→180 致命一击率20%→30% & 需要材料 冰晶20 刀刃20 魔刃100 魔心100 金钱30000,72,132,t.java:121
JAVA_ZH_0467,冒险服1级 勇士初期穿戴的防具。防御+2,Áo Phiêu Lưu1级 勇士初期穿戴的防具。防御+2,20,52,t.java:123
JAVA_ZH_0468,冒险服  1级→2级  防御2→4  & 需要材料 星光5 海螺壳5  金钱500,Áo Phiêu Lưu  1级→2级  防御2→4  & 需要材料 星光5 海螺壳5  金钱500,41,81,t.java:123
JAVA_ZH_0469,冒险服  2级→3级  防御4→6  & 需要材料 星光10 海螺壳10  金钱500,Áo Phiêu Lưu  2级→3级  防御4→6  & 需要材料 星光10 海螺壳10  金钱500,43,83,t.java:123
JAVA_ZH_0470,勇士军服1级 曾经流行在勇士岛的勇士军服。防御+4,Quân Phục Dũng Sĩ1级 曾经流行在勇士岛的Quân Phục Dũng Sĩ。防御+4,25,67,t.java:124
JAVA_ZH_0471,勇士军服  1级→2级  防御4→8  & 需要材料 海螺壳10 蛙心10 魔刃1 金钱1000,Quân Phục Dũng Sĩ  1级→2级  防御4→8  & 需要材料 海螺壳10 蛙心10 魔刃1 金钱1000,48,94,t.java:124
JAVA_ZH_0472,勇士军服  2级→3级  防御8→12  & 需要材料 海螺壳20 蛙心20 魔刃3 金钱1000,Quân Phục Dũng Sĩ  2级→3级  防御8→12  & 需要材料 海螺壳20 蛙心20 魔刃3 金钱1000,49,95,t.java:124
JAVA_ZH_0473,军官铠甲1级 勇士岛精英勇士所穿被附魔过的铠甲。防御+6,Giáp Sĩ Quan1级 勇士岛精英勇士所穿被附魔过的铠甲。防御+6,28,76,t.java:125
JAVA_ZH_0474,军官铠甲  1级→2级  防御6→12  & 需要材料 蛙心10 魂石10 刀刃2 金钱2000,Giáp Sĩ Quan  1级→2级  防御6→12  & 需要材料 蛙心10 魂石10 刀刃2 金钱2000,48,92,t.java:125
JAVA_ZH_0475,军官铠甲  2级→3级  防御12→18  & 需要材料 蛙心20 魂石20 刀刃3 金钱2000,Giáp Sĩ Quan  2级→3级  防御12→18  & 需要材料 蛙心20 魂石20 刀刃3 金钱2000,49,93,t.java:125
JAVA_ZH_0476,紫金铠甲1级 古代的人类王者所穿的铠甲。防御+8,Giáp Tử Kim1级 古代的人类王者所穿的铠甲。防御+8,24,64,t.java:126
JAVA_ZH_0477,紫金铠甲  1级→2级  防御8→16  & 需要材料 魔刃10 海螺壳20 刀刃1 金钱2000,Giáp Tử Kim  1级→2级  防御8→16  & 需要材料 魔刃10 海螺壳20 刀刃1 金钱2000,49,95,t.java:126
JAVA_ZH_0478,紫金铠甲  2级→3级  防御16→24  & 需要材料 魔刃20 海螺壳40 刀刃3 金钱2000,Giáp Tử Kim  2级→3级  防御16→24  & 需要材料 魔刃20 海螺壳40 刀刃3 金钱2000,50,96,t.java:126
JAVA_ZH_0479,板金铠甲1级 被战神力量加持的铠甲。防御+10,Giáp Kim Loại1级 被战神力量加持的铠甲。防御+10,23,59,t.java:127
JAVA_ZH_0480,板金铠甲  1级→2级  防御10→20  & 需要材料 魔刃20 魂石10 魔心10 金钱3000,Giáp Kim Loại  1级→2级  防御10→20  & 需要材料 魔刃20 魂石10 魔心10 金钱3000,50,94,t.java:127
JAVA_ZH_0481,板金铠甲  2级→3级  防御20→30  & 需要材料 魔刃40 魂石20 魔心20 金钱3000,Giáp Kim Loại  2级→3级  防御20→30  & 需要材料 魔刃40 魂石20 魔心20 金钱3000,50,94,t.java:127
JAVA_ZH_0482,钢玉铠甲1级 神秘铠甲，拥有魔神的力量。防御+14,Giáp Cương Ngọc1级 神秘铠甲，拥有魔神的力量。防御+14,25,65,t.java:128
JAVA_ZH_0483,钢玉铠甲  1级→2级  防御14→28  & 需要材料 冰晶5 蛇胆5 刀刃5 魔刃50 金钱3000,Giáp Cương Ngọc  1级→2级  防御14→28  & 需要材料 冰晶5 蛇胆5 刀刃5 魔刃50 金钱3000,52,100,t.java:128
JAVA_ZH_0484,钢玉铠甲  2级→3级  防御28→42  & 需要材料 冰晶10 蛇胆10 刀刃10 魔刃100 金钱3000,Giáp Cương Ngọc  2级→3级  防御28→42  & 需要材料 冰晶10 蛇胆10 刀刃10 魔刃100 金钱3000,56,104,t.java:128
JAVA_ZH_0485,生命指环1级 勇士岛勇士所佩戴的戒指。最大生命值+50,Nhẫn Sinh Mệnh1级 勇士岛勇士所佩戴的戒指。最大生命值+50,27,71,t.java:129
JAVA_ZH_0486,生命指环  1级→2级  最大生命值50→100  & 需要材料 魂石10 刀刃1 金钱500,Nhẫn Sinh Mệnh  1级→2级  最大生命值50→100  & 需要材料 魂石10 刀刃1 金钱500,47,93,t.java:129
JAVA_ZH_0487,生命指环  2级→3级  最大生命值100→150  & 需要材料 魂石20 刀刃3 金钱500,Nhẫn Sinh Mệnh  2级→3级  最大生命值100→150  & 需要材料 魂石20 刀刃3 金钱500,48,94,t.java:129
JAVA_ZH_0488,暴击戒指1级 携带能增加暴击的戒指。暴击率+3,Nhẫn Chí Mạng1级 携带能增加暴击的戒指。暴击率+3,23,61,t.java:130
JAVA_ZH_0489,暴击戒指  1级→2级  暴击率3→6 & 需要材料 星光10 魔刃3 金钱1000,Nhẫn Chí Mạng  1级→2级  暴击率3→6 & 需要材料 星光10 魔刃3 金钱1000,42,84,t.java:130
JAVA_ZH_0490,暴击戒指  2级→3级  暴击率6→10 & 需要材料 星光20 魔刃5 金钱1000,Nhẫn Chí Mạng  2级→3级  暴击率6→10 & 需要材料 星光20 魔刃5 金钱1000,43,85,t.java:130
JAVA_ZH_0491,龙牙镯1级 龙牙所作的手镯。攻击+10,Vòng Tay Long Nha1级 龙牙所作的手镯。攻击+10,19,47,t.java:131
JAVA_ZH_0492,龙牙镯  1级→2级  攻击10→20 & 需要材料 冰晶5 刀刃5 蛇胆5 金钱2000,Vòng Tay Long Nha  1级→2级  攻击10→20 & 需要材料 冰晶5 刀刃5 蛇胆5 金钱2000,45,87,t.java:131
JAVA_ZH_0493,龙牙镯  2级→3级  攻击20→30 & 需要材料 冰晶10 刀刃10 蛇胆10 金钱2000,Vòng Tay Long Nha  2级→3级  攻击20→30 & 需要材料 冰晶10 刀刃10 蛇胆10 金钱2000,48,90,t.java:131
JAVA_ZH_0494,紫光链1级 散发紫色光芒的神奇项链。最大魔法值+50,Dây Chuyền Tử Quang1级 散发紫色光芒的神奇项链。最大魔法值+50,26,68,t.java:132
JAVA_ZH_0495,紫光链  1级→2级  最大魔法值50→100 & 需要材料 海螺壳10 蛙心10 冰晶1 金钱2000,Dây Chuyền Tử Quang  1级→2级  最大魔法值50→100 & 需要材料 海螺壳10 蛙心10 冰晶1 金钱2000,52,102,t.java:132
JAVA_ZH_0496,紫光链  2级→3级  最大魔法值100→150 & 需要材料 海螺壳20 蛙心20 冰晶3 金钱2000,Dây Chuyền Tử Quang  2级→3级  最大魔法值100→150 & 需要材料 海螺壳20 蛙心20 冰晶3 金钱2000,53,103,t.java:132
JAVA_ZH_0497,护心锁1级 黄金打造的护心锁。最大魔法值+50,Khóa Hộ Tâm1级 黄金打造的Khóa Hộ Tâm。最大魔法值+50,23,59,t.java:133
JAVA_ZH_0498,护心锁  1级→2级  最大魔法值50→100 & 需要材料 魔刃10 魂石10 魔心10 金钱2000,Khóa Hộ Tâm  1级→2级  最大魔法值50→100 & 需要材料 魔刃10 魂石10 魔心10 金钱2000,52,100,t.java:133
JAVA_ZH_0499,护心锁  2级→3级  最大魔法值100→150 & 需要材料 魔刃20 魂石20 魔心30 金钱2000,Khóa Hộ Tâm  2级→3级  最大魔法值100→150 & 需要材料 魔刃20 魂石20 魔心30 金钱2000,53,101,t.java:133
JAVA_ZH_0500,神秘道具，佩戴时使用怒气消耗减半。,神秘Vật phẩm，佩戴时使用怒气消耗减半。,17,51,t.java:134
JAVA_ZH_0501,等级升到4级,,6,16,t.java:137
JAVA_ZH_0502,等级升到10级,,7,17,t.java:138
JAVA_ZH_0503,等级升到20级,,7,17,t.java:139
JAVA_ZH_0504,等级升到30级,,7,17,t.java:140
JAVA_ZH_0505,等级升到40级,,7,17,t.java:141
JAVA_ZH_0506,连击最高数达到100,,10,24,t.java:142
JAVA_ZH_0507,连击最高数达到200,,10,24,t.java:143
JAVA_ZH_0508,通关王者地下城获得SS级评分,,14,38,t.java:144
JAVA_ZH_0509,使用防御反击技能累计达到100次,,16,42,t.java:145
JAVA_ZH_0510,完成20个支线任务,,9,23,t.java:146
JAVA_ZH_0511,探索所有地图,,6,18,t.java:147
JAVA_ZH_0512,亲手杀死150只怪物,,10,24,t.java:148
JAVA_ZH_0513,收集所有的小宠物,,8,24,t.java:149
JAVA_ZH_0514,通过任务或打怪获得100000金钱,,17,39,t.java:150
JAVA_ZH_0515,杀死王者级别的万年冰王,,11,33,t.java:151
JAVA_ZH_0516,获得闪电神剑,获得闪Lôi Thần剑,6,18,t.java:152
JAVA_ZH_0517,获得所有武器,,6,18,t.java:153
JAVA_ZH_0518,所有技能都修炼为满级,,10,30,t.java:154
JAVA_ZH_0519,首饰,Trang sức,2,6,t.java:356
JAVA_ZH_0520,道具,Vật phẩm,2,6,t.java:356
JAVA_ZH_0521,怒气消耗减少,,6,18,t.java:359
JAVA_ZH_0522,防御力+,,4,10,t.java:359
JAVA_ZH_0523,移动速度+,,5,13,t.java:359
JAVA_ZH_0524,等级,Cấp,2,6,u.java:14
JAVA_ZH_0525,速度,Tốc độ,2,6,u.java:14
JAVA_ZH_0526,名称ID,ID Tên,4,8,u.java:14
JAVA_ZH_0527,生命,HP,2,6,u.java:14
JAVA_ZH_0528,生命上限,HP Tối đa,4,12,u.java:14
JAVA_ZH_0529,精力,MP,2,6,u.java:14
JAVA_ZH_0530,精力上限,MP Tối đa,4,12,u.java:14
JAVA_ZH_0531,攻击力,Tấn công,3,9,u.java:14
JAVA_ZH_0532,防御力,Phòng thủ,3,9,u.java:14
JAVA_ZH_0533,经验,Kinh nghiệm,2,6,u.java:14
JAVA_ZH_0534,表情,Biểu cảm,2,6,u.java:14
JAVA_ZH_0535,防御,,2,6,v.java:393
JAVA_ZH_0536,">>WARNING:  任务组数量已经超出程序定义的量！请程序修改！定义数量：10, 当前数量：",">>CẢNH BÁO: Số lượng nhóm nhiệm vụ vượt giới hạn! Giới hạn: 10, Hiện tại:",48,112,y.java:23
JAVA_ZH_0537,">>WARNING:  任务数量已经超出组的最大容量！请程序修改！定义数量：15, 当前数量：",">>CẢNH BÁO: Số lượng nhiệm vụ vượt giới hạn nhóm! Giới hạn: 15, Hiện tại:",47,109,y.java:32
JAVA_ZH_0538,; 组id=,; Nhóm id=,6,8,y.java:32
JAVA_ZH_0539,", 组name=",", Tên nhóm=",8,10,y.java:32
